{"Test #1": {"Recession": {"Elastic_Net": {"Coefficients": {"Payrolls_3mo_vs_12mo": {"0": -0.6380908901824642, "1": -0.17139097006003243, "2": 0.10953743058858789, "3": 0.07757321731993823, "4": 0.2080937729183635, "5": -0.7653230712548978}}}, "SVM": {"SV Count %": 0.929}, "Gaussian_Process": {"Length Scale": 2.6397597958783074, "Alpha": 100000.00000000001}, "XGBoost": {"Importances": {"Payrolls_3mo_vs_12mo": {"0": 0.33326640725135803}, "Real_Fed_Funds_Rate_12mo_chg": {"0": 0.07849299162626266}, "CPI_3mo_pct_chg_annualized": {"0": 0.07344324886798859}, "10Y_Treasury_Rate_12mo_chg": {"0": 0.04023396596312523}, "3M_10Y_Treasury_Spread": {"0": 0.05482375994324684}, "S&P_500_12mo_chg": {"0": 0.41973963379859924}}}}, "Recession_within_6mo": {"Elastic_Net": {"Coefficients": {"Payrolls_3mo_vs_12mo": {"0": -0.9778221828604742, "1": -0.0007482043529663501, "2": 0.15410217611789556, "3": 0.6711499719283218, "4": -0.17458816817492145, "5": -1.828676215623214}}}, "SVM": {"SV Count %": 0.913}, "Gaussian_Process": {"Length Scale": 2.5264952960842093, "Alpha": 100000.00000000001}, "XGBoost": {"Importances": {"Payrolls_3mo_vs_12mo": {"0": 0.13085880875587463}, "Real_Fed_Funds_Rate_12mo_chg": {"0": 0.09537222981452942}, "CPI_3mo_pct_chg_annualized": {"0": 0.13395783305168152}, "10Y_Treasury_Rate_12mo_chg": {"0": 0.09146023541688919}, "3M_10Y_Treasury_Spread": {"0": 0.12926825881004333}, "S&P_500_12mo_chg": {"0": 0.4190826416015625}}}}, "Recession_within_12mo": {"Elastic_Net": {"Coefficients": {"Payrolls_3mo_vs_12mo": {"0": -0.7719591050010598, "1": 1.171457373289895, "2": 0.6550366514160562, "3": 1.1765100416514445, "4": 0.8515573786638307, "5": -0.347228681742787}}}, "SVM": {"SV Count %": 0.648}, "Gaussian_Process": {"Length Scale": 1.8677376897727722, "Alpha": 37755.3963071794}, "XGBoost": {"Importances": {"Payrolls_3mo_vs_12mo": {"0": 0.19380006194114685}, "Real_Fed_Funds_Rate_12mo_chg": {"0": 0.2071310132741928}, "CPI_3mo_pct_chg_annualized": {"0": 0.09741348028182983}, "10Y_Treasury_Rate_12mo_chg": {"0": 0.16011647880077362}, "3M_10Y_Treasury_Spread": {"0": 0.10156691074371338}, "S&P_500_12mo_chg": {"0": 0.23997198045253754}}}}, "Recession_within_24mo": {"Elastic_Net": {"Coefficients": {"Payrolls_3mo_vs_12mo": {"0": -0.16376593219172295, "1": 0.3091670169062378, "2": 0.3401216177802971, "3": 0.5368893026144765, "4": 0.26497246103209743, "5": 0.01006589050079735}}}, "SVM": {"SV Count %": 0.398}, "Gaussian_Process": {"Length Scale": 1.40699832190245, "Alpha": 100000.00000000001}, "XGBoost": {"Importances": {"Payrolls_3mo_vs_12mo": {"0": 0.22806935012340546}, "Real_Fed_Funds_Rate_12mo_chg": {"0": 0.19331227242946625}, "CPI_3mo_pct_chg_annualized": {"0": 0.061095044016838074}, "10Y_Treasury_Rate_12mo_chg": {"0": 0.2863418459892273}, "3M_10Y_Treasury_Spread": {"0": 0.10406845808029175}, "S&P_500_12mo_chg": {"0": 0.1271129697561264}}}}}, "Test #2": {"Recession": {"Elastic_Net": {"Coefficients": {"Payrolls_3mo_vs_12mo": {"0": -0.5749474891409793, "1": -0.0701833257858189, "2": 0.29945594617470933, "3": -0.03834905922490694, "4": -0.05579587448869968, "5": -0.8014634801840693}}}, "SVM": {"SV Count %": 0.811}, "Gaussian_Process": {"Length Scale": 2.444425902523743, "Alpha": 100000.00000000001}, "XGBoost": {"Importances": {"Payrolls_3mo_vs_12mo": {"0": 0.24708843231201172}, "Real_Fed_Funds_Rate_12mo_chg": {"0": 0.052119143307209015}, "CPI_3mo_pct_chg_annualized": {"0": 0.0659126564860344}, "10Y_Treasury_Rate_12mo_chg": {"0": 0.05695655196905136}, "3M_10Y_Treasury_Spread": {"0": 0.06080685555934906}, "S&P_500_12mo_chg": {"0": 0.517116367816925}}}}, "Recession_within_6mo": {"Elastic_Net": {"Coefficients": {"Payrolls_3mo_vs_12mo": {"0": -0.5179421850952699, "1": 0.159946992956591, "2": 0.2893426282742663, "3": 0.17062597562280293, "4": -0.2221064354763533, "5": -0.8282008742916743}}}, "SVM": {"SV Count %": 0.787}, "Gaussian_Process": {"Length Scale": 2.4994347902951133, "Alpha": 100000.00000000001}, "XGBoost": {"Importances": {"Payrolls_3mo_vs_12mo": {"0": 0.13493287563323975}, "Real_Fed_Funds_Rate_12mo_chg": {"0": 0.095343217253685}, "CPI_3mo_pct_chg_annualized": {"0": 0.0980481505393982}, "10Y_Treasury_Rate_12mo_chg": {"0": 0.08668938279151917}, "3M_10Y_Treasury_Spread": {"0": 0.05828559026122093}, "S&P_500_12mo_chg": {"0": 0.5267007946968079}}}}, "Recession_within_12mo": {"Elastic_Net": {"Coefficients": {"Payrolls_3mo_vs_12mo": {"0": -0.3419943292526985, "1": 0.3606811584406644, "2": 0.3087024849023154, "3": 0.3714445121171357, "4": -0.10328036756025595, "5": -0.4371394167481287}}}, "SVM": {"SV Count %": 0.824}, "Gaussian_Process": {"Length Scale": 2.1878385640995273, "Alpha": 100000.00000000001}, "XGBoost": {"Importances": {"Payrolls_3mo_vs_12mo": {"0": 0.1341940462589264}, "Real_Fed_Funds_Rate_12mo_chg": {"0": 0.1706032156944275}, "CPI_3mo_pct_chg_annualized": {"0": 0.05927956849336624}, "10Y_Treasury_Rate_12mo_chg": {"0": 0.2373015582561493}, "3M_10Y_Treasury_Spread": {"0": 0.0716337263584137}, "S&P_500_12mo_chg": {"0": 0.32698795199394226}}}}, "Recession_within_24mo": {"Elastic_Net": {"Coefficients": {"Payrolls_3mo_vs_12mo": {"0": -0.1032090427587973, "1": 0.3985283448661854, "2": 0.2788172434799452, "3": 0.30373211280627493, "4": 0.09593978089765548, "5": -0.10733511887782209}}}, "SVM": {"SV Count %": 0.943}, "Gaussian_Process": {"Length Scale": 1.3597193596868442, "Alpha": 3.5374901534227208}, "XGBoost": {"Importances": {"Payrolls_3mo_vs_12mo": {"0": 0.16580405831336975}, "Real_Fed_Funds_Rate_12mo_chg": {"0": 0.18906718492507935}, "CPI_3mo_pct_chg_annualized": {"0": 0.13479891419410706}, "10Y_Treasury_Rate_12mo_chg": {"0": 0.42632272839546204}, "3M_10Y_Treasury_Spread": {"0": 0.08400707691907883}, "S&P_500_12mo_chg": {"0": 0.0}}}}}, "Test #3": {"Recession": {"Elastic_Net": {"Coefficients": {"Payrolls_3mo_vs_12mo": {"0": -0.5933882870066222, "1": -0.07569022741050274, "2": 0.30357092911731987, "3": -0.04419356368983107, "4": -0.0546329827425617, "5": -0.8317573578717707}}}, "SVM": {"SV Count %": 0.811}, "Gaussian_Process": {"Length Scale": 2.444425902523743, "Alpha": 100000.00000000001}, "XGBoost": {"Importances": {"Payrolls_3mo_vs_12mo": {"0": 0.27039462327957153}, "Real_Fed_Funds_Rate_12mo_chg": {"0": 0.048966605216264725}, "CPI_3mo_pct_chg_annualized": {"0": 0.0749843493103981}, "10Y_Treasury_Rate_12mo_chg": {"0": 0.057762984186410904}, "3M_10Y_Treasury_Spread": {"0": 0.0596032440662384}, "S&P_500_12mo_chg": {"0": 0.4882882237434387}}}}, "Recession_within_6mo": {"Elastic_Net": {"Coefficients": {"Payrolls_3mo_vs_12mo": {"0": -0.4916797533491474, "1": 0.15784710103277924, "2": 0.28588114158403966, "3": 0.17023328346517155, "4": -0.21769279375284864, "5": -0.7758168149157211}}}, "SVM": {"SV Count %": 0.787}, "Gaussian_Process": {"Length Scale": 2.4994347902951133, "Alpha": 100000.00000000001}, "XGBoost": {"Importances": {"Payrolls_3mo_vs_12mo": {"0": 0.13774605095386505}, "Real_Fed_Funds_Rate_12mo_chg": {"0": 0.08356361091136932}, "CPI_3mo_pct_chg_annualized": {"0": 0.10632187873125076}, "10Y_Treasury_Rate_12mo_chg": {"0": 0.09271632134914398}, "3M_10Y_Treasury_Spread": {"0": 0.06323530524969101}, "S&P_500_12mo_chg": {"0": 0.5164167881011963}}}}, "Recession_within_12mo": {"Elastic_Net": {"Coefficients": {"Payrolls_3mo_vs_12mo": {"0": -0.3021725076545351, "1": 0.31368408037127976, "2": 0.2798255857587768, "3": 0.32823893905907986, "4": -0.12013250326915025, "5": -0.3891324467345936}}}, "SVM": {"SV Count %": 0.824}, "Gaussian_Process": {"Length Scale": 2.1878385640995273, "Alpha": 100000.00000000001}, "XGBoost": {"Importances": {"Payrolls_3mo_vs_12mo": {"0": 0.11146271228790283}, "Real_Fed_Funds_Rate_12mo_chg": {"0": 0.1636418104171753}, "CPI_3mo_pct_chg_annualized": {"0": 0.05792446807026863}, "10Y_Treasury_Rate_12mo_chg": {"0": 0.2555791139602661}, "3M_10Y_Treasury_Spread": {"0": 0.052015967667102814}, "S&P_500_12mo_chg": {"0": 0.35937589406967163}}}}, "Recession_within_24mo": {"Elastic_Net": {"Coefficients": {"Payrolls_3mo_vs_12mo": {"0": -0.10178241088791391,