{"Test #1": {"Recession": {"KNN": {"Neighbors": 5, "Best CV Score": 0.4954506222056337}, "Elastic_Net": {"Alpha": 0.14, "L1_Ratio": 0, "Best CV Score": 0.3933014509625499}, "Naive_Bayes": {"Best CV Score": 0.19217295591871877}, "SVM": {"C": 0.075, "Gamma": 0.041666666666666664, "Best CV Score": 0.5472679745175194}, "Gaussian_Process": {"Best CV Score": 0.5559640182849396}, "XGBoost": {"Depth": 1, "Min Child Weight": 0.25, "Lambda": 0.01, "Best CV Score": 0.3133941472784822}}, "Recession_within_6mo": {"KNN": {"Neighbors": 5, "Best CV Score": 0.07608614850571542}, "Elastic_Net": {"Alpha": 0.001, "L1_Ratio": 0, "Best CV Score": 0.1198879808196268}, "Naive_Bayes": {"Best CV Score": 0.09791046523896474}, "SVM": {"C": 0.075, "Gamma": 0.041666666666666664, "Best CV Score": 0.35452194183955255}, "Gaussian_Process": {"Best CV Score": 0.45276814603055465}, "XGBoost": {"Depth": 3, "Min Child Weight": 0.05, "Lambda": 0.9, "Best CV Score": 0.11651702783585319}}, "Recession_within_12mo": {"KNN": {"Neighbors": 40, "Best CV Score": 0.5094420091022539}, "Elastic_Net": {"Alpha": 0.001, "L1_Ratio": 0, "Best CV Score": 0.24414597141952485}, "Naive_Bayes": {"Best CV Score": 0.25103269898208885}, "SVM": {"C": 0.75, "Gamma": 0.041666666666666664, "Best CV Score": 0.34510801033690824}, "Gaussian_Process": {"Best CV Score": 0.5675848849571318}, "XGBoost": {"Depth": 3, "Min Child Weight": 0.25, "Lambda": 0.06, "Best CV Score": 0.23488600683222705}}, "Recession_within_24mo": {"KNN": {"Neighbors": 20, "Best CV Score": 0.5987428374290344}, "Elastic_Net": {"Alpha": 0.09, "L1_Ratio": 0, "Best CV Score": 0.45969310815039605}, "Naive_Bayes": {"Best CV Score": 1.4011383719374746}, "SVM": {"C": 5.0, "Gamma": 0.20833333333333331, "Best CV Score": 0.46543015509530067}, "Gaussian_Process": {"Best CV Score": 0.6842672111462952}, "XGBoost": {"Depth": 3, "Min Child Weight": 0.1, "Lambda": 0.001, "Best CV Score": 0.35002854329929645}}}, "Test #2": {"Recession": {"KNN": {"Neighbors": 5, "Best CV Score": 0.40822851162534907}, "Elastic_Net": {"Alpha": 0.14, "L1_Ratio": 0, "Best CV Score": 0.4605784190966984}, "Naive_Bayes": {"Best CV Score": 0.6106882854100701}, "SVM": {"C": 0.075, "Gamma": 0.041666666666666664, "Best CV Score": 0.4934926884334972}, "Gaussian_Process": {"Best CV Score": 0.5091827285320527}, "XGBoost": {"Depth": 1, "Min Child Weight": 0.5, "Lambda": 0.1, "Best CV Score": 0.4496729532112809}}, "Recession_within_6mo": {"KNN": {"Neighbors": 20, "Best CV Score": 0.3947390951760193}, "Elastic_Net": {"Alpha": 0.095, "L1_Ratio": 0, "Best CV Score": 0.36743635973865046}, "Naive_Bayes": {"Best CV Score": 0.611653831900543}, "SVM": {"C": 0.075, "Gamma": 0.041666666666666664, "Best CV Score": 0.4195566152626923}, "Gaussian_Process": {"Best CV Score": 0.47778882173375364}, "XGBoost": {"Depth": 1, "Min Child Weight": 0.25, "Lambda": 0.09, "Best CV Score": 0.42545407593820733}}, "Recession_within_12mo": {"KNN": {"Neighbors": 40, "Best CV Score": 0.4626421142603636}, "Elastic_Net": {"Alpha": 0.14, "L1_Ratio": 0, "Best CV Score": 0.36838418757422003}, "Naive_Bayes": {"Best CV Score": 0.4886765313658117}, "SVM": {"C": 0.075, "Gamma": 0.041666666666666664, "Best CV Score": 0.44555825049380465}, "Gaussian_Process": {"Best CV Score": 0.5696592750366575}, "XGBoost": {"Depth": 1, "Min Child Weight": 1.5, "Lambda": 0.5, "Best CV Score": 0.4464931032278776}}, "Recession_within_24mo": {"KNN": {"Neighbors": 60, "Best CV Score": 0.5124786393304189}, "Elastic_Net": {"Alpha": 0.17, "L1_Ratio": 0, "Best CV Score": 0.4506380514861536}, "Naive_Bayes": {"Best CV Score": 0.788800739467317}, "SVM": {"C": 0.075, "Gamma": 0.041666666666666664, "Best CV Score": 0.4500642819758839}, "Gaussian_Process": {"Best CV Score": 0.6812642394585275}, "XGBoost": {"Depth": 1, "Min Child Weight": 2.5, "Lambda": 9.5, "Best CV Score": 0.46397024160180095}}}, "Test #3": {"Recession": {"KNN": {"Neighbors": 20, "Best CV Score": 0.6635712778763845}, "Elastic_Net": {"Alpha": 0.13, "L1_Ratio": 0, "Best CV Score": 0.47996820750551517}, "Naive_Bayes": {"Best CV Score": 0.7820485178994148}, "SVM": {"C": 0.075, "Gamma": 0.041666666666666664, "Best CV Score": 0.5679682721945302}, "Gaussian_Process": {"Best CV Score": 0.5510556868686587}, "XGBoost": {"Depth": 1, "Min Child Weight": 1.5, "Lambda": 0.1, "Best CV Score": 0.6155516268115085}}, "Recession_within_6mo": {"KNN": {"Neighbors": 20, "Best CV Score": 0.4625620641487493}, "Elastic_Net": {"Alpha": 0.11, "L1_Ratio": 0, "Best CV Score": 0.43117859096073624}, "Naive_Bayes": {"Best CV Score": 0.8244262228462851}, "SVM": {"C": 0.075, "Gamma": 0.041666666666666664, "Best CV Score": 0.48823259880456926}, "Gaussian_Process": {"Best CV Score": 0.519777573870692}, "XGBoost": {"Depth": 1, "Min Child Weight": 1, "Lambda": 0.06, "Best CV Score": 0.5618987553524457}}, "Recession_within_12mo": {"KNN": {"Neighbors": 40, "Best CV Score": 0.4808195378708883}, "Elastic_Net": {"Alpha": 0.19, "L1_Ratio": 0, "Best CV Score": 0.4191449991730723}, "Naive_Bayes": {"Best CV Score": 0.6938212477309159}, "SVM": {"C": 0.075, "Gamma": 0.041666666666666664, "Best CV Score": 0.4681852910707867}, "Gaussian_Process": {"Best CV Score": 0.5867493291423582}, "XGBoost": {"Depth": 1, "Min Child Weight": 2, "Lambda": 5.5, "Best CV Score": 0.5152149477234305}}, "Recession_within_24mo": {"KNN": {"Neighbors": 60, "Best CV Score": 0.47651978473766315}, "Elastic_Net": {"Alpha": 0.18, "L1_Ratio": 0, "Best CV Score": 0.4411787670242648}, "Naive_Bayes": {"Best CV Score": 0.5974252547211932}, "SVM": {"C": 0.075, "Gamma": 0.041666666666666664, "Best CV Score": 0.43928671756426435}, "Gaussian_Process": {"Best CV Score": 0.6766388388150402}, "XGBoost": {"Depth": 1, "Min Child Weight": 2.5, "Lambda": 9.5, "Best CV Score": 0.4286689678496504}}}, "Test #4": {"Recession": {"KNN": {"Neighbors": 20, "Best CV Score": 0.573137767599855}, "Elastic_Net": {"Alpha": 0.095, "L1_Ratio": 0, "Best CV Score": 0.4450780138055039}, "Naive_Bayes": {"Best CV Score": 0.6905534490610679}, "SVM": {"C": 0.075, "Gamma": 0.041666666666666664, "Best CV Score": 0.5088814702418957}, "Gaussian_Process": {"Best CV Score": 0.5149474548479629}, "XGBoost": {"Depth": 1, "Min Child Weight": 1.5, "Lambda": 0.1, "Best CV Score": 0.5324149604744034}}, "Recession_within_6mo": {"KNN": {"Neighbors": 40, "Best CV Score": 0.5109073361672064}, "Elastic_Net": {"Alpha": 0.05, "L1_Ratio": 0, "Best CV Score": 0.4078955984855938}, "Naive_Bayes": {"Best CV Score": 0.7824065834270826}, "SVM": {"C": 0.075, "Gamma": 0.041666666666666664, "Best CV Score": 0.49052692856563673}, "Gaussian_Process": {"Best CV Score": 0.5150616059466114}, "XGBoost": {"Depth": 1, "Min Child Weight": 1, "Lambda": 0.08, "Best CV Score": 0.5468918461613163}}, "Recession_within_12mo": {"KNN": {"Neighbors": 40, "Best CV Score": 0.49463565367682616}, "Elastic_Net": {"Alpha": 0.15, "L1_Ratio": 0, "Best CV Score": 0.43088955148600483}, "Naive_Bayes": {"Best CV Score": 0.679437081182642}, "SVM": {"C": 0.075, "Gamma": 0.041666666666666664, "Best CV Score": 0.4694594219655267}, "Gaussian_Process": {"Best CV Score": 0.5656726906427068}, "XGBoost": {"Depth": 1, "Min Child Weight": 2, "Lambda": 7, "Best CV Score": 0.5242221403071164}}, "Recession_within_24mo": {"KNN": {"Neighbors": 100, "Best CV Score": 0.5140236469108797}, "Elastic_Net": {"Alpha": 0.17, "L1_Ratio": 0, "Best CV Score": 0.4625683760461409}, "Naive_Bayes": {"Best CV Score": 0.5604347883439919}, "SVM": {"C": 0.075, "Gamma": 0.041666666666666664, "Best CV Score": 0.46247922521693335}, "Gaussian_Process": {"Best CV Score": 0.6660518131040153}, "XGBoost": {"Depth": 1, "Min Child Weight": 2.5, "Lambda": 9.5, "Best CV Score": 0.5475279225642274}}}, "Test #5": {"Recession": {"KNN": {"Neighbors": 20, "Best CV Score": 0.4851854907469078}, "Elastic_Net": {"Alpha": 0.06, "L1_Ratio": 0, "Best CV Score": 0.41116366397112675}, "Naive_Bayes": {"Best CV Score": 0.6081907878273716}, "SVM": {"C": 0.075, "Gamma": 0.041666666666666664, "Best CV Score": 0.45014600820104894},