{"Test #1": {"Recession": {"SVM": {"C": 0.075, "Gamma": 0.041666666666666664, "Best CV Score": 0.5472679745175194}}, "Recession_within_6mo": {"SVM": {"C": 0.075, "Gamma": 0.041666666666666664, "Best CV Score": 0.35452194183955255}}, "Recession_within_12mo": {"SVM": {"C": 0.75, "Gamma": 0.041666666666666664, "Best CV Score": 0.34510801033690824}}, "Recession_within_24mo": {"SVM": {"C": 5.0, "Gamma": 0.20833333333333331, "Best CV Score": 0.46543015509530067}}}, "Test #2": {"Recession": {"SVM": {"C": 0.075, "Gamma": 0.041666666666666664, "Best CV Score": 0.4934926884334972}}, "Recession_within_6mo": {"SVM": {"C": 0.075, "Gamma": 0.041666666666666664, "Best CV Score": 0.4195566152626923}}, "Recession_within_12mo": {"SVM": {"C": 0.075, "Gamma": 0.041666666666666664, "Best CV Score": 0.44555825049380465}}, "Recession_within_24mo": {"SVM": {"C": 0.075, "Gamma": 0.041666666666666664, "Best CV Score": 0.4500642819758839}}}, "Test #3": {"Recession": {"SVM": {"C": 0.075, "Gamma": 0.041666666666666664, "Best CV Score": 0.5679682721945302}}, "Recession_within_6mo": {"SVM": {"C": 0.075, "Gamma": 0.041666666666666664, "Best CV Score": 0.48823259880456926}}, "Recession_within_12mo": {"SVM": {"C": 0.075, "Gamma": 0.041666666666666664, "Best CV Score": 0.4681852910707867}}, "Recession_within_24mo": {"SVM": {"C": 0.075, "Gamma": 0.041666666666666664, "Best CV Score": 0.43928671756426435}}}, "Test #4": {"Recession": {"SVM": {"C": 0.075, "Gamma": 0.041666666666666664, "Best CV Score": 0.5088814702418957}}, "Recession_within_6mo": {"SVM": {"C": 0.075, "Gamma": 0.041666666666666664, "Best CV Score": 0.49052692856563673}}, "Recession_within_12mo": {"SVM": {"C": 0.075, "Gamma": 0.041666666666666664, "Best CV Score": 0.4694594219655267}}, "Recession_within_24mo": {"SVM": {"C": 0.075, "Gamma": 0.041666666666666664, "Best CV Score": 0.46247922521693335}}}, "Test #5": {"Recession": {"SVM": {"C": 0.075, "Gamma": 0.041666666666666664, "Best CV Score": 0.45014600820104894}}, "Recession_within_6mo": {"SVM": {"C": 0.5, "Gamma": 0.041666666666666664, "Best CV Score": 0.4113662210447511}}, "Recession_within_12mo": {"SVM": {"C": 0.075, "Gamma": 0.041666666666666664, "Best CV Score": 0.4190401899979035}}, "Recession_within_24mo": {"SVM": {"C": 0.075, "Gamma": 0.041666666666666664, "Best CV Score": 0.4475091381696501}}}, "Test #6": {"Recession": {"SVM": {"C": 0.25, "Gamma": 0.041666666666666664, "Best CV Score": 0.4481107735720458}}, "Recession_within_6mo": {"SVM": {"C": 0.5, "Gamma": 0.041666666666666664, "Best CV Score": 0.4318764446986294}}, "Recession_within_12mo": {"SVM": {"C": 0.075, "Gamma": 0.041666666666666664, "Best CV Score": 0.446979948792466}}, "Recession_within_24mo": {"SVM": {"C": 0.075, "Gamma": 0.041666666666666664, "Best CV Score": 0.4400175290575832}}}, "Test #7": {"Recession": {"SVM": {"C": 0.25, "Gamma": 0.041666666666666664, "Best CV Score": 0.41935285965347324}}, "Recession_within_6mo": {"SVM": {"C": 0.75, "Gamma": 0.041666666666666664, "Best CV Score": 0.422139678602153}}, "Recession_within_12mo": {"SVM": {"C": 0.1, "Gamma": 0.041666666666666664, "Best CV Score": 0.43500242724465527}}, "Recession_within_24mo": {"SVM": {"C": 0.075, "Gamma": 0.041666666666666664, "Best CV Score": 0.4273650811434271}}}}