{"Test #1": {"Recession": {"KNN": 0.2898261192668541, "Elastic_Net": 0.5519056516609372, "Naive_Bayes": 1.1788150587798563, "SVM": 0.4204937380555422, "Gaussian_Process": 0.44567799805136427, "XGBoost": 0.7876145347585656}, "Recession_within_6mo": {"KNN": 4.34094819045376, "Elastic_Net": 0.7486325307011451, "Naive_Bayes": 1.1019385034600842, "SVM": 0.48162165700998605, "Gaussian_Process": 0.5016669962570691, "XGBoost": 1.1045190828975955}, "Recession_within_12mo": {"KNN": 0.4240005104119504, "Elastic_Net": 0.8364143990113688, "Naive_Bayes": 0.6848936138830776, "SVM": 0.6137364391884115, "Gaussian_Process": 0.5713720515279492, "XGBoost": 0.865765454863225}, "Recession_within_24mo": {"KNN": 0.6056681995979115, "Elastic_Net": 0.47350013886185904, "Naive_Bayes": 0.35378483099579217, "SVM": 1.686844849241761, "Gaussian_Process": 0.6791308731788844, "XGBoost": 1.4000202357119702}}, "Test #2": {"Recession": {"KNN": 10.220924652310895, "Elastic_Net": 0.5392245288455682, "Naive_Bayes": 1.13109082251703, "SVM": 1.0382779375154048, "Gaussian_Process": 0.8168375696355239, "XGBoost": 1.0913524094315803}, "Recession_within_6mo": {"KNN": 4.185300011911748, "Elastic_Net": 0.7069755419244728, "Naive_Bayes": 1.0131436081253857, "SVM": 0.833494153466664, "Gaussian_Process": 0.7081770647290951, "XGBoost": 1.201613875493303}, "Recession_within_12mo": {"KNN": 0.8295447753968899, "Elastic_Net": 0.7005932701928441, "Naive_Bayes": 0.9208906593850813, "SVM": 0.6493140175943284, "Gaussian_Process": 0.6678839558112727, "XGBoost": 0.7640007445378739}, "Recession_within_24mo": {"KNN": 0.45870431367246395, "Elastic_Net": 0.5267532902763941, "Naive_Bayes": 1.9091339571065409, "SVM": 0.5458064222955243, "Gaussian_Process": 0.5866451185863897, "XGBoost": 0.49367738879606093}}, "Test #3": {"Recession": {"KNN": 0.33185111579331394, "Elastic_Net": 0.3624259172115301, "Naive_Bayes": 0.4464344410815301, "SVM": 0.3512313185944314, "Gaussian_Process": 0.41860668050130406, "XGBoost": 0.31059709891513754}, "Recession_within_6mo": {"KNN": 2.0957525110305744, "Elastic_Net": 0.37384816470519594, "Naive_Bayes": 0.6803875843510017, "SVM": 0.4960973053944198, "Gaussian_Process": 0.5036117616847461, "XGBoost": 0.5180636970925481}, "Recession_within_12mo": {"KNN": 0.524398408501968, "Elastic_Net": 0.46070076380900205, "Naive_Bayes": 0.6484506282349698, "SVM": 0.47220416194657006, "Gaussian_Process": 0.5202692767589235, "XGBoost": 0.5496374777438995}, "Recession_within_24mo": {"KNN": 0.5954055445188235, "Elastic_Net": 0.4969249212083746, "Naive_Bayes": 0.5014356447184677, "SVM": 0.499470867227677, "Gaussian_Process": 0.6491656932015952, "XGBoost": 0.7371058659422853}}, "Test #4": {"Recession": {"KNN": 0.19549320337425308, "Elastic_Net": 0.32328149172469994, "Naive_Bayes": 0.3369092635664219, "SVM": 0.2566864303785056, "Gaussian_Process": 0.22987338333584303, "XGBoost": 0.1538220633816693}, "Recession_within_6mo": {"KNN": 0.29938501961789804, "Elastic_Net": 0.2569751973912072, "Naive_Bayes": 0.34639738508384177, "SVM": 0.22952966504698002, "Gaussian_Process": 0.2340539666246889, "XGBoost": 0.24067778364251602}, "Recession_within_12mo": {"KNN": 0.3419896215765775, "Elastic_Net": 0.4215795896347145, "Naive_Bayes": 0.3314624594403802, "SVM": 0.2707889938984002, "Gaussian_Process": 0.3087483664311191, "XGBoost": 0.37339096306007025}, "Recession_within_24mo": {"KNN": 0.5092695440105475, "Elastic_Net": 0.5157407062899654, "Naive_Bayes": 0.37470457859125966, "SVM": 0.40938396567559554, "Gaussian_Process": 0.507487673618663, "XGBoost": 0.4531227679138313}}, "Test #5": {"Recession": {"KNN": 0.559051156552351, "Elastic_Net": 0.27488011412300606, "Naive_Bayes": 0.6858856731328575, "SVM": 0.5007635161115599, "Gaussian_Process": 0.49629857916936143, "XGBoost": 0.3632004698151082}, "Recession_within_6mo": {"KNN": 0.7254876624827964, "Elastic_Net": 0.3485468906231732, "Naive_Bayes": 0.9909460090488769, "SVM": 0.5260835285367174, "Gaussian_Process": 0.5653436944415057, "XGBoost": 0.5318581956317308}, "Recession_within_12mo": {"KNN": 0.7371923418691163, "Elastic_Net": 0.5743984718360108, "Naive_Bayes": 0.9062685317553371, "SVM": 0.584669547145565, "Gaussian_Process": 0.5546486726224802, "XGBoost": 0.6590849198908643}, "Recession_within_24mo": {"KNN": 0.5571433235819573, "Elastic_Net": 0.5720488104925894, "Naive_Bayes": 0.5706298717234527, "SVM": 0.40034288154150227, "Gaussian_Process": 0.4536516292153933, "XGBoost": 0.5692132264190751}}, "Test #6": {"Recession": {"KNN": 0.1622892878543901, "Elastic_Net": 0.5028030402463315, "Naive_Bayes": 0.3416303583052508, "SVM": 0.24014910421723235, "Gaussian_Process": 0.22586834872879605, "XGBoost": 0.2247834404909788}, "Recession_within_6mo": {"KNN": 0.37747144532424365, "Elastic_Net": 0.49123393988911, "Naive_Bayes": 0.6657584729976614, "SVM": 0.3762941138705425, "Gaussian_Process": 0.3353988516225182, "XGBoost": 0.35203932645505204}, "Recession_within_12mo": {"KNN": 0.39010194081497274, "Elastic_Net": 0.5235914809600495, "Naive_Bayes": 1.4682942450405432, "SVM": 0.3954067512966149, "Gaussian_Process": 0.3273402227598386, "XGBoost": 0.3659623930076958}, "Recession_within_24mo": {"KNN": 0.46322375548046263, "Elastic_Net": 0.5239447310157728, "Naive_Bayes": 2.3969039327962416, "SVM": 0.37214692010097983, "Gaussian_Process": 0.3991364997021575, "XGBoost": 0.44966581702726577}}}